{"item_type":"1","item_name":"avjb","item_description":"avjb api","password":"","pages":{"pages":[{"page_title":"\u9ed8\u8ba4\u9875\u9762","cat_id":"0","page_content":"\n[TOC]\n\n##### \u4ecb\u7ecd\n\n\u6b22\u8fce\u4f7f\u7528 AVJB API\uff01\u60a8\u53ef\u4ee5\u4f7f\u7528\u6211\u4eec\u7684 API \u8bbf\u95ee\u6211\u4eec\u6570\u636e\u5e93\u4e2d\u7684\u89c6\u9891\u548c\u7c7b\u522b\u7b49\u4fe1\u606f\u3002\n\u6211\u4eec\u6709 Javascript\u3001PHP \u548c Python \u8bed\u8a00\u7ed1\u5b9a\uff01\n\n##### \u9a8c\u8bc1\n- ` AVJB API v1 \u662f\u516c\u5f00\u7684\uff0c\u53ef\u4ee5\u514d\u8d39\u4f7f\u7528\u3002\u65e2\u4e0d\u9700\u8981\u8eab\u4efd\u9a8c\u8bc1\u4e5f\u4e0d\u9700\u8981 API \u5bc6\u94a5\u3002\n  \n##### \u89c6\u9891\u7c7b\u522b\n- \u83b7\u53d6\u6240\u6709\u89c6\u9891\u7c7b\u522b\n\u6b64api\u68c0\u7d22\u6240\u6709\u89c6\u9891\u7c7b\u522b\u3002\n\nHTTP Request\n\nGET https:\/\/avjb.com\/api\/v1\/categories\/\n\n**\u00a0\u60a8\u53ef\u4ee5\u5c06 ID \u4f5c\u4e3a\u67e5\u8be2\u53c2\u6570\u5305\u542b\u5728\u641c\u7d22\u89c6\u9891 API \u6216\u5217\u8868\u89c6\u9891 API \u4e2d\u4ee5\u8fc7\u6ee4\u7ed3\u679c\u3002**\n\n\u4ee5\u4e0b\u4e3aPHP\u793a\u4f8b\u4ee3\u7801\uff1a\n```php\n$AVJB_CATEGORIES_API_URL = 'https:\/\/avjb.com\/api\/v1\/categories\/';\n$response = json_decode(file_get_contents($url), true);\nvar_dump($response);\n```\nPYthon:\n```python\nimport urllib.request\nimport json\nAVJB_CATEGORIES_API_URL = 'https:\/\/avjb.com\/api\/v1\/categories\/'\nresponse = json.loads(urllib.request.urlopen(AVJB_CATEGORIES_API_URL).read().decode())\nprint(response)\n```\nJS:\n```java\n\/\/ node.js\nconst request = require('request');\nconst AVJB_CATEGORIES_API_URL = 'https:\/\/avjb.com\/api\/v1\/categories\/';\nrequest(AVJB_CATEGORIES_API_URL, (error, response, body) => {\n    if (err) return console.log(err);\n    var response = JSON.parse(body);\n   \n});\n\n\n\/\/ node es7+\nimport rp from 'request-promise';\nconst AVJB_CATEGORIES_API_URL = 'https:\/\/avjb.com\/api\/v1\/categories\/';\n\nconst doSomethingWith = async (categories) => {\n    \/\/ ...\n}\n\nconst getCategories = async () => {\n    return new Promise((resolve, reject) => {\n        try {\n            const body = await rp(AVJB_CATEGORIES_API_URL);\n            const json = JSON.parse(body);\n            if (!json.success) {\n                reject(new Error('API Failed'));\n            }\n            resolve(json.response.categories);\n        } catch (e) {\n            reject(e);\n        }    \n    });\n}\n\n(async () => {\n    try {\n        const categories = await getCategories();\n        console.log(categories);\n        await doSomethingWith(categories);\n    } catch (e) {\n        console.log('Error', e);\n    }\n})();\n\n\/\/ jQuery\nvar AVJB_CATEGORIES_API_URL = 'https:\/\/avjb.com\/api\/v1\/categories\/';\n$.getJSON(AVJB_CATEGORIES_API_URL, function (response) {\n    console.log(response);\n   \n})\n```\n\u6b63\u5e38\u8fd4\u56de\u5982\u4e0b\u4fe1\u606f\uff1a\n```json\n[{\n\"category_id\":15,\n\"title\":\"\\u7f51\\u7ea2\\u9ed1\\u6599\",\n\"total_videos\":36,\n\"category_url\":\"https:\/\/avjb.com\/categories\/5c977f3f8c18750a85d37f8d301f4f51\/\",\n\"cover_url\":\"https:\/\/avjb.com\/contents\/categories\/15\/\"\n}\n,{\n\"category_id\":14,\n\"title\":\"\\u5973\\u4e3b\\u64ad\",\n\"total_videos\":68,\n\"category_url\":\"https:\/\/avjb.com\/categories\/49f3b2bc1aec44b8a0fc03926ffe7499\/\",\n\"cover_url\":\"https:\/\/avjb.com\/contents\/categories\/14\/\"\n}\n,{\n\"category_id\":12,\n\"title\":\"\\u4e3b\\u64ad\\u798f\\u5229\",\n\"total_videos\":286,\n\"category_url\":\"https:\/\/avjb.com\/categories\/90884db3ccf63485ae6bd49c0110269f\/\",\n\"cover_url\":\"https:\/\/avjb.com\/contents\/categories\/12\/s1_21_6217.jpg\"\n}\n,{\n\"category_id\":11,\n\"title\":\"\\u4f20\\u5a92\\u6620\\u753b\",\n\"total_videos\":1998,\n\"category_url\":\"https:\/\/avjb.com\/categories\/f770c0df1435be8aea4e2e2f4ad5d7f2\/\",\n\"cover_url\":\"https:\/\/avjb.com\/contents\/categories\/11\/s1_12013253f169f39095_1_post.jpg\"\n}\n,{\n\"category_id\":9,\n\"title\":\"\\u4e09\\u7ea7\\u7535\\u5f71\",\n\"total_videos\":117,\n\"category_url\":\"https:\/\/avjb.com\/categories\/fa7224cfdf3ebea8b4da1083c0c407b8\/\",\n\"cover_url\":\"https:\/\/avjb.com\/contents\/categories\/9\/s1_rvud5ug5ggq.jpg\"\n}\n,{\n\"category_id\":6,\n\"title\":\"\\u5361\\u901a\\u52a8\\u6f2b\",\n\"total_videos\":30,\n\"category_url\":\"https:\/\/avjb.com\/categories\/b83d6021cfa5cc3a3feff746a6f72b12\/\",\n\"cover_url\":\"https:\/\/avjb.com\/contents\/categories\/6\/s1_10957_001.jpg\"\n}\n,{\n\"category_id\":5,\n\"title\":\"\\u6b27\\u7f8e\\u98ce\\u60c5\",\n\"total_videos\":424,\n\"category_url\":\"https:\/\/avjb.com\/categories\/a0b14da040498ca8c3882059087b722c\/\",\n\"cover_url\":\"https:\/\/avjb.com\/contents\/categories\/5\/s1_2021060706174669i101_small.jpg\"\n}\n,{\n\"category_id\":4,\n\"title\":\"\\u9ad8\\u6e05\\u6709\\u7801\",\n\"total_videos\":554,\n\"category_url\":\"https:\/\/avjb.com\/categories\/ddc1aab6fe0d5609e60d6941280b7660\/\",\n\"cover_url\":\"https:\/\/avjb.com\/contents\/categories\/4\/s1_4582550234570.jpg\"\n}\n,{\n\"category_id\":3,\n\"title\":\"\\u9ad8\\u6e05\\u65e0\\u7801\",\n\"total_videos\":764,\n\"category_url\":\"https:\/\/avjb.com\/categories\/cd80c93db2d41150d80f5668f6e20b7f\/\",\n\"cover_url\":\"https:\/\/avjb.com\/contents\/categories\/3\/s1_ss52tj.jpg\"\n}\n,{\n\"category_id\":2,\n\"title\":\"\\u56fd\\u4ea7\\u81ea\\u62cd\",\n\"total_videos\":12930,\n\"category_url\":\"https:\/\/avjb.com\/categories\/21c031e02ee6ad29acda82b9625b28ef\/\",\n\"cover_url\":\"https:\/\/avjb.com\/contents\/categories\/2\/s1_unnamed_\u526f\u672c.jpg\"\n}\n,{\n\"category_id\":1,\n\"title\":\"\\u4e2d\\u6587\\u5b57\\u5e55\",\n\"total_videos\":97,\n\"category_url\":\"https:\/\/avjb.com\/categories\/6eec9fd0dad785e04651354b8ddab749\/\",\n\"cover_url\":\"https:\/\/avjb.com\/contents\/categories\/1\/s1_1320K30a110-33462.jpg\"\n}\n]\n```\n##### \u89c6\u9891\u96c6\u9526\uff08\u968f\u673a\u63a8\u8350\uff09\n\n\u89c6\u9891\u96c6\u5408\u8868\u793a\u4e00\u7cfb\u5217\u89c6\u9891\u3002\u7cfb\u5217\u4e2d\u7684\u6240\u6709\u89c6\u9891\u90fd\u5305\u542bkeyword\u6307\u5b9a\u7684\u3002\n\u6362\u53e5\u8bdd\u8bf4\uff0c\u5b83\u4eec\u662f\u76f8\u5173\u63a8\u8350\u3002\n\nHTTP \u8bf7\u6c42\n\n\nGET  https:\/\/avjb.com\/api\/v1\/related\/\n\n```php\n$AVJB_RELATED_API_URL = 'https:\/\/avjb.com\/api\/v1\/related\/';\n$response =json_decode(file_get_contents($AVJB_RELATED_API_URL), true);\nvar_dump($response);\n```\n\u5176\u4ed6\u7c7b\u578b\u4ee3\u7801\u53ef\u53c2\u8003\u83b7\u53d6\u89c6\u9891\u7c7b\u522b\u76f8\u5173\u4ee3\u7801\u3002\n\u8fd4\u56de\u7ed3\u679c\u5982\u4e0b \uff1a\n```json\n[{\n\"video_id\":  9016,\n\"title\": \"91\\u5236\\u7247\\u5ee0 91CM195 \\u7279\\u6b8a\\u6cbb\\u7642 \\u91d1\\u5de7\\u5de7\",\n\"description\": \"91\\u5236\\u7247\\u5ee0 91CM195 \\u7279\\u6b8a\\u6cbb\\u7642 \\u91d1\\u5de7\\u5de7\",\n\"duration\": 2947,\n\"screen_url\": \"https:\\\/\\\/avjb.com\\\/contents\\\/videos_screenshots\\\/9000\\\/9016\",\n\"screen_main\": 1,\n\"screen_amount\": 1,\n\"video_viewed\": 1017421,\n\"rating\": 5.0000,\n\"rating_amount\": 1,\n\"post_date\": \"2022-02-27 11:15:31\",\n\"view_page_url\": \"https:\\\/\\\/avjb.com\\\/videos\\\/9016\\\/91-91cm195\\\/\",\n\"status\": \"active\",\n\"is_hd\": false},{\n\"video_id\":  4555,\n\"title\": \"\\u8db3\\u6d74\\u64a9\\u59b9\\u88ab\\u4eba\\u70b9\\u70ae\\u770b\\u573a\\u7684\\u773c\\u955c\\u54e5\\u6765\\u4e86\\u9152\\u5e97\\u7ea6\\u4e86\\u4e2a19\\u5c81\\u7684\\u517c\\u804c\\u59b9\\u73a9\\u5230\\u4e00\\u534a\\u53c8\\u6536\\u5230\\u67e5\\u623f\\u77ed\\u4fe1\",\n\"description\": \"\\u8db3\\u6d74\\u64a9\\u59b9\\u88ab\\u4eba\\u70b9\\u70ae\\u770b\\u573a\\u7684\\u773c\\u955c\\u54e5\\u6765\\u4e86\\u9152\\u5e97\\u7ea6\\u4e86\\u4e2a19\\u5c81\\u7684\\u517c\\u804c\\u59b9\\u73a9\\u5230\\u4e00\\u534a\\u53c8\\u6536\\u5230\\u67e5\\u623f\\u77ed\\u4fe1\",\n\"duration\": 3814,\n\"screen_url\": \"https:\\\/\\\/avjb.com\\\/contents\\\/videos_screenshots\\\/4000\\\/4555\",\n\"screen_main\": 1,\n\"screen_amount\": 1,\n\"video_viewed\": 1013116,\n\"rating\": 5.0000,\n\"rating_amount\": 1,\n\"post_date\": \"2021-12-21 16:13:00\",\n\"view_page_url\": \"https:\\\/\\\/avjb.com\\\/videos\\\/4555\\\/195\\\/\",\n\"status\": \"active\",\n\"is_hd\": false},{\n\"video_id\":  14448,\n\"title\": \"\\u5728\\u6821\\u5973\\u751f\\u5bbf\\u820d\\u5185\\u5b66\\u59b9\\u53d1\\u9a9a\\uff0c\\u5728\\u5395\\u6240\\u8131\\u5149\\u4e86\\u6d17\\u6fa1\\u8bf1\\u60d1\\u72fc\\u53cb\\uff0c\\u63c9\\u5976\\u62a0\\u903c\\u6485\\u7740\\u9a9a\\u5c41\\u80a1\\uff0c\\u4e0d\\u7a7f\\u5185\\u8863\\u56de\\u5230\\u5e8a\\u4e0a\\u7ee7\\u7eed\\u62a0\\u903c\\u7ed9\\u72fc\\u53cb\\u770b\",\n\"description\": \"\\u5728\\u6821\\u5973\\u751f\\u5bbf\\u820d\\u5185\\u5b66\\u59b9\\u53d1\\u9a9a\\uff0c\\u5728\\u5395\\u6240\\u8131\\u5149\\u4e86\\u6d17\\u6fa1\\u8bf1\\u60d1\\u72fc\\u53cb\\uff0c\\u63c9\\u5976\\u62a0\\u903c\\u6485\\u7740\\u9a9a\\u5c41\\u80a1\\uff0c\\u4e0d\\u7a7f\\u5185\\u8863\\u56de\\u5230\\u5e8a\\u4e0a\\u7ee7\\u7eed\\u62a0\\u903c\\u7ed9\\u72fc\\u53cb\\u770b\",\n\"duration\": 5776,\n\"screen_url\": \"https:\\\/\\\/avjb.com\\\/contents\\\/videos_screenshots\\\/14000\\\/14448\",\n\"screen_main\": 1,\n\"screen_amount\": 1,\n\"video_viewed\": 1010030,\n\"rating\": 4.5000,\n\"rating_amount\": 2,\n\"post_date\": \"2022-06-11 06:50:14\",\n\"view_page_url\": \"https:\\\/\\\/avjb.com\\\/videos\\\/14448\\\/69fca87c773eadd8c99a9e469be0eeb1\\\/\",\n\"status\": \"active\",\n\"is_hd\": false},{\n\"video_id\":  14509,\n\"title\": \"\\u4e30\\u6ee1\\u773c\\u955c\\u5e7c\\u5e08\\u76ae\\u80a4\\u767d\\u7699\\u4e09\\u70b9\\u5168\\u88f8\\u9053\\u5177\\u81ea\\u6170\\uff0c\\u4e09\\u70b9\\u8d85\\u7ea7\\u7c89\\u5ae9\",\n\"description\": \"\\u4e30\\u6ee1\\u773c\\u955c\\u5e7c\\u5e08\\u76ae\\u80a4\\u767d\\u7699\\u4e09\\u70b9\\u5168\\u88f8\\u9053\\u5177\\u81ea\\u6170\\uff0c\\u4e09\\u70b9\\u8d85\\u7ea7\\u7c89\\u5ae9\",\n\"duration\": 1685,\n\"screen_url\": \"https:\\\/\\\/avjb.com\\\/contents\\\/videos_screenshots\\\/14000\\\/14509\",\n\"screen_main\": 1,\n\"screen_amount\": 1,\n\"video_viewed\": 958061,\n\"rating\": 5.0000,\n\"rating_amount\": 1,\n\"post_date\": \"2022-06-14 15:50:41\",\n\"view_page_url\": \"https:\\\/\\\/avjb.com\\\/videos\\\/14509\\\/fbb8dac5be0e361758523986e33fea62\\\/\",\n\"status\": \"active\",\n\"is_hd\": false},{\n\"video_id\":  8663,\n\"title\": \"\\u957f\\u817f\\u59d1\\u5a18\\u798f\\u5229\\u89c6\\u9891\\u5408\\u96c633\",\n\"description\": \"\\u957f\\u817f\\u59d1\\u5a18\\u798f\\u5229\\u89c6\\u9891\\u5408\\u96c633\",\n\"duration\": 2217,\n\"screen_url\": \"https:\\\/\\\/avjb.com\\\/contents\\\/videos_screenshots\\\/8000\\\/8663\",\n\"screen_main\": 1,\n\"screen_amount\": 1,\n\"video_viewed\": 1002018,\n\"rating\": 5.0000,\n\"rating_amount\": 1,\n\"post_date\": \"2021-08-04 17:56:00\",\n\"view_page_url\": \"https:\\\/\\\/avjb.com\\\/videos\\\/8663\\\/3313\\\/\",\n\"status\": \"active\",\n\"is_hd\": false},{\n\"video_id\":  13935,\n\"title\": \"\\u5c0f\\u96ea\\u5728\\u7b49\\u4f60\\u751c\\u7f8e\\u80a5\\u81c0\\u4e00\\u7ebf\\u5929\\u7f8e\\u5973\\u5c0f\\u59d0\\u59d0 \\uff0c\\u9732\\u51fa\\u5976\\u5b50\\u64a9\\u8d77\\u88d9\\u5b50\\u6263\\u7a74 \\uff0c\\u8df3\\u86cb\\u9707\\u52a8\\u9634\\u8482\\u7fd8\\u8d77\\u80a5\\u81c0 \\uff0c\\u8dea\\u5728\\u6905\\u5b50\\u4e0a\\u626d\\u52a8\\u8bf1\\u60d1\",\n\"description\": \"\\u5c0f\\u96ea\\u5728\\u7b49\\u4f60\\u751c\\u7f8e\\u80a5\\u81c0\\u4e00\\u7ebf\\u5929\\u7f8e\\u5973\\u5c0f\\u59d0\\u59d0 \\uff0c\\u9732\\u51fa\\u5976\\u5b50\\u64a9\\u8d77\\u88d9\\u5b50\\u6263\\u7a74 \\uff0c\\u8df3\\u86cb\\u9707\\u52a8\\u9634\\u8482\\u7fd8\\u8d77\\u80a5\\u81c0 \\uff0c\\u8dea\\u5728\\u6905\\u5b50\\u4e0a\\u626d\\u52a8\\u8bf1\\u60d1\",\n\"duration\": 12882,\n\"screen_url\": \"https:\\\/\\\/avjb.com\\\/contents\\\/videos_screenshots\\\/13000\\\/13935\",\n\"screen_main\": 1,\n\"screen_amount\": 1,\n\"video_viewed\": 1014977,\n\"rating\": 5.0000,\n\"rating_amount\": 1,\n\"post_date\": \"2022-05-28 02:39:10\",\n\"view_page_url\": \"https:\\\/\\\/avjb.com\\\/videos\\\/13935\\\/af3c31b88747ca0d40d955bdf937e6da\\\/\",\n\"status\": \"active\",\n\"is_hd\": false},{\n\"video_id\":  9435,\n\"title\": \"\\u9ebb\\u8c46AV MDX MDX0188 \\u5229\\u8a98\\u7f3a\\u9322\\u7684\\u5927\\u5ac2 \\u96ea\\u5343\\u590f\",\n\"description\": \"\\u9ebb\\u8c46AV MDX MDX0188 \\u5229\\u8a98\\u7f3a\\u9322\\u7684\\u5927\\u5ac2 \\u96ea\\u5343\\u590f\",\n\"duration\": 1706,\n\"screen_url\": \"https:\\\/\\\/avjb.com\\\/contents\\\/videos_screenshots\\\/9000\\\/9435\",\n\"screen_main\": 1,\n\"screen_amount\": 1,\n\"video_viewed\": 1002503,\n\"rating\": 5.0000,\n\"rating_amount\": 1,\n\"post_date\": \"2022-02-27 04:53:51\",\n\"view_page_url\": \"https:\\\/\\\/avjb.com\\\/videos\\\/9435\\\/av-mdx-mdx0188\\\/\",\n\"status\": \"active\",\n\"is_hd\": false},{\n\"video_id\":  16116,\n\"title\": \"\\u7cbe\\u5f693P\\u540d\\u573a\\u9762\\uff01\\u7ea4\\u7ec6\\u7f8e\\u817f\\u5c0f\\u59d0\\u59d0\\uff01\\u7a7f\\u4e0a\\u4e1d\\u889c\\u63c9\\u7a74\\u8c03\\u60c5\\uff0c\\u524d\\u9762\\u5403\\u5c4c\\u540e\\u5165\\u64cd \\u903c\\uff0c\\u7b2c\\u4e00\\u89c6\\u89d2\\u4e00\\u4e0b\\u4e0b\\u649e\\u51fb\",\n\"description\": \"\\u7cbe\\u5f693P\\u540d\\u573a\\u9762\\uff01\\u7ea4\\u7ec6\\u7f8e\\u817f\\u5c0f\\u59d0\\u59d0\\uff01\\u7a7f\\u4e0a\\u4e1d\\u889c\\u63c9\\u7a74\\u8c03\\u60c5\\uff0c\\u524d\\u9762\\u5403\\u5c4c\\u540e\\u5165\\u64cd \\u903c\\uff0c\\u7b2c\\u4e00\\u89c6\\u89d2\\u4e00\\u4e0b\\u4e0b\\u649e\\u51fb\",\n\"duration\": 1372,\n\"screen_url\": \"https:\\\/\\\/avjb.com\\\/contents\\\/videos_screenshots\\\/16000\\\/16116\",\n\"screen_main\": 1,\n\"screen_amount\": 1,\n\"video_viewed\": 2549,\n\"rating\": 5.0000,\n\"rating_amount\": 1,\n\"post_date\": \"2022-08-31 15:29:52\",\n\"view_page_url\": \"https:\\\/\\\/avjb.com\\\/videos\\\/16116\\\/3p113\\\/\",\n\"status\": \"active\",\n\"is_hd\": false},{\n\"video_id\":  9983,\n\"title\": \"\\u955c\\u5b50\\u8089\\u68d2\\u540e\\u5165\\u5ae9\\u7a74 \\u597d\\u6ee1\\u597d\\u6491\\u5440 \\u901f\\u653b\\u5ae9\\u9c8d\\u5a07\\u5598\\u8fde\\u8fde \\u6f6e\\u5439\\u55b7\\u5c04\",\n\"description\": \"\\u955c\\u5b50\\u8089\\u68d2\\u540e\\u5165\\u5ae9\\u7a74 \\u597d\\u6ee1\\u597d\\u6491\\u5440 \\u901f\\u653b\\u5ae9\\u9c8d\\u5a07\\u5598\\u8fde\\u8fde \\u6f6e\\u5439\\u55b7\\u5c04\",\n\"duration\": 1859,\n\"screen_url\": \"https:\\\/\\\/avjb.com\\\/contents\\\/videos_screenshots\\\/9000\\\/9983\",\n\"screen_main\": 1,\n\"screen_amount\": 1,\n\"video_viewed\": 1009552,\n\"rating\": 2.5000,\n\"rating_amount\": 2,\n\"post_date\": \"2022-02-27 21:54:25\",\n\"view_page_url\": \"https:\\\/\\\/avjb.com\\\/videos\\\/9983\\\/1c1f19434ea1cce4ee4d180871bee0d4\\\/\",\n\"status\": \"active\",\n\"is_hd\": false},{\n\"video_id\":  6279,\n\"title\": \"\\u5b8c\\u5177\\u9171 \\u2013 \\u6700\\u65b0\\u552e\\u4ef7188\\u5143\\u798f\\u5229\\u5065\\u8eab\\u623f\\u505a\\u4e0d\\u53ef\\u63cf\\u8ff0\\u7684\\u4e8b\\u60c5 (3)\",\n\"description\": \"\\u5b8c\\u5177\\u9171 \\u2013 \\u6700\\u65b0\\u552e\\u4ef7188\\u5143\\u798f\\u5229\\u5065\\u8eab\\u623f\\u505a\\u4e0d\\u53ef\\u63cf\\u8ff0\\u7684\\u4e8b\\u60c5 (3)\",\n\"duration\": 163,\n\"screen_url\": \"https:\\\/\\\/avjb.com\\\/contents\\\/videos_screenshots\\\/6000\\\/6279\",\n\"screen_main\": 1,\n\"screen_amount\": 1,\n\"video_viewed\": 1015760,\n\"rating\": 5.0000,\n\"rating_amount\": 2,\n\"post_date\": \"2021-10-11 10:58:00\",\n\"view_page_url\": \"https:\\\/\\\/avjb.com\\\/videos\\\/6279\\\/188-3\\\/\",\n\"status\": \"active\",\n\"is_hd\": false},{\n\"video_id\":  12392,\n\"title\": \"\\u6700\\u65b0\\u91cd\\u78c5\\u5927\\u74dc \\u8bf8\\u845b\\u4eae\\u6676\\u6676\\u548c\\u4e0d\\u7fa1\\u6c5f\\u4e2d\\u4ed9\\uff0c\\u5973\\u7684\\u8dd1\\u53bb\\u7537\\u751f\\u5bbf\\u820d\\uff0c\\u8bf1\\u4eba\\u5f55\\u50cf\\uff0c\\u6709\\u4eba\\u73a9\\u6e38\\u620f\\uff0c\\u6fc0\\u6218\\u8d85\\u7ea7\\u731b\\uff0c\\u5e8a\\u90fd\\u8981\\u6563\\u67b6\\u4e86\\uff01\",\n\"description\": \"\\u6700\\u65b0\\u91cd\\u78c5\\u5927\\u74dc \\u8bf8\\u845b\\u4eae\\u6676\\u6676\\u548c\\u4e0d\\u7fa1\\u6c5f\\u4e2d\\u4ed9\\uff0c\\u5973\\u7684\\u8dd1\\u53bb\\u7537\\u751f\\u5bbf\\u820d\\uff0c\\u8bf1\\u4eba\\u5f55\\u50cf\\uff0c\\u6709\\u4eba\\u73a9\\u6e38\\u620f\\uff0c\\u6fc0\\u6218\\u8d85\\u7ea7\\u731b\\uff0c\\u5e8a\\u90fd\\u8981\\u6563\\u67b6\\u4e86\\uff01\",\n\"duration\": 593,\n\"screen_url\": \"https:\\\/\\\/avjb.com\\\/contents\\\/videos_screenshots\\\/12000\\\/12392\",\n\"screen_main\": 1,\n\"screen_amount\": 1,\n\"video_viewed\": 1026468,\n\"rating\": 5.0000,\n\"rating_amount\": 1,\n\"post_date\": \"2022-04-10 14:46:19\",\n\"view_page_url\": \"https:\\\/\\\/avjb.com\\\/videos\\\/12392\\\/750e409a5156f269354e347eebdd9073\\\/\",\n\"status\": \"active\",\n\"is_hd\": false},{\n\"video_id\":  16168,\n\"title\": \"\\u516c\\u53f8\\u805a\\u9910\\u9a9a\\u8d27\\u5973\\u540c\\u4e8b\\u559d\\u61f5\\u4e86 \\u8ba9\\u6211\\u9001\\u5979\\u56de\\u5bb6~\\u8fd9\\u8ff7\\u4eba\\u8eab\\u6750\\u8fd9\\u989c\\u503c\\u8c01\\u62b5\\u6297\\u5f97\\u4e86.\",\n\"description\": \"\\u516c\\u53f8\\u805a\\u9910\\u9a9a\\u8d27\\u5973\\u540c\\u4e8b\\u559d\\u61f5\\u4e86 \\u8ba9\\u6211\\u9001\\u5979\\u56de\\u5bb6~\\u8fd9\\u8ff7\\u4eba\\u8eab\\u6750\\u8fd9\\u989c\\u503c\\u8c01\\u62b5\\u6297\\u5f97\\u4e86.\",\n\"duration\": 263,\n\"screen_url\": \"https:\\\/\\\/avjb.com\\\/contents\\\/videos_screenshots\\\/16000\\\/16168\",\n\"screen_main\": 1,\n\"screen_amount\": 1,\n\"video_viewed\": 2036,\n\"rating\": 0.0000,\n\"rating_amount\": 1,\n\"post_date\": \"2022-08-29 00:43:40\",\n\"view_page_url\": \"https:\\\/\\\/avjb.com\\\/videos\\\/16168\\\/14000d25a4bca6f39e013cde4ca27d01\\\/\",\n\"status\": \"active\",\n\"is_hd\": false}]\n```\n##### \u89c6\u9891\u641c\u7d22\n\u6b64api\u68c0\u7d22\u6240\u6709\u89c6\u3002\nHTTP\u8bf7\u6c42\nGET https:\/\/avjb.com\/api\/v1\/search\/{key}\/ {key}\u66ff\u6362\u4e3a\u8981\u68c0\u7d22\u7684\u5173\u952e\u8bcd\n\n\u793a\u4f8b\u4ee3\u7801 PHP \uff1a\n```php\n$AVJB_SEARCH_API_URL = 'https:\/\/avjb.com\/api\/v1\/search\/91\/'; \/\/91 \u66ff\u6362\u4e3a\u4f60\u7684\u5173\u952e\u8bcd\u3002\n$response = json_decode(file_get_contents($AVJB_SEARCH_API_URL), true);\nvar_dump($response);\n\n```\n\u8fd4\u56de\u5982\u4e0b \uff1a\n```json\n[{\n\"video_id\":  17340,\n\"title\": \"\\u5927\\u795e91\\u6e23\\u7537\\u9152\\u5e97\\u7834\\u5904\\u60c5\\u8da3\\u8fd0\\u52a8\\u670d\\u5b66\\u59b9 \\u5973\\u4e0a\\u4f4d\\u8840\\u6d17\\u8d64\\u6012\\u8089\\u68d2 \\u7206\\u808f\\u7d27\\u81f4\\u5ae9\\u7a74 \\u7528\\u529b\\u624d\\u662f\\u5bf9\\u5973\\u4eba\\u7684\\u5c0a\\u91cd.\",\n\"description\": \"\\u5927\\u795e91\\u6e23\\u7537\\u9152\\u5e97\\u7834\\u5904\\u60c5\\u8da3\\u8fd0\\u52a8\\u670d\\u5b66\\u59b9 \\u5973\\u4e0a\\u4f4d\\u8840\\u6d17\\u8d64\\u6012\\u8089\\u68d2 \\u7206\\u808f\\u7d27\\u81f4\\u5ae9\\u7a74 \\u7528\\u529b\\u624d\\u662f\\u5bf9\\u5973\\u4eba\\u7684\\u5c0a\\u91cd.\",\n\"duration\": 1112,\n\n\"screen_url\": \"https:\\\/\\\/avjb.com\\\/contents\\\/videos_screenshots\\\/17000\\\/17340\",\n\"screen_main\": 1,\n\"screen_amount\": 1,\n\"video_viewed\": 1419,\n\"rating\": 0.0000,\n\"rating_amount\": 1,\n\"post_date\": \"2022-11-10 12:58:31\",\n\"view_page_url\": \"https:\\\/\\\/avjb.com\\\/videos\\\/17340\\\/9180\\\/\",\n\"categories\": [{\"id\": 2, \"title\": \"\\u56fd\\u4ea7\\u81ea\\u62cd\", \"dir\": \"21c031e02ee6ad29acda82b9625b28ef\"}],\n\t\"tags\": [{\"id\": 6425, \"title\": \"\\u9152\\u5e97\\u7834\\u5904\", \"dir\": \"a67b95125337e64a54957db36b118475\"}],\n\t\"user\": {\"id\": 2, \"display_name\": \"Anonymous\"},\n\"type\": \"public\",\n\"status\": \"active\",\n\"is_hd\": false},{\n\"video_id\":  17581,\n\"title\": \"91\\u6876\\u4e3b\\u4efb\\u4e2d\\u51fa\\u6b7b\\u6c34\\u5e93\\u5999\\u9f84\\u5c11\\u5973 \\u5927\\u8089\\u68d2\\u540e\\u5165\\u9876\\u649e\\u5bab\\u53e3\\u4e0d\\u7981\\u547b\\u541f \\u7d27\\u81f4\\u5ae9\\u7a74\\u62bd\\u7a7a\\u7075\\u9b42 \\u6deb\\u9761\\u7cbe\\u6db2\\u5c04\\u5165\\u871c\\u9053\",\n\"description\": \"91\\u6876\\u4e3b\\u4efb\\u4e2d\\u51fa\\u6b7b\\u6c34\\u5e93\\u5999\\u9f84\\u5c11\\u5973 \\u5927\\u8089\\u68d2\\u540e\\u5165\\u9876\\u649e\\u5bab\\u53e3\\u4e0d\\u7981\\u547b\\u541f \\u7d27\\u81f4\\u5ae9\\u7a74\\u62bd\\u7a7a\\u7075\\u9b42 \\u6deb\\u9761\\u7cbe\\u6db2\\u5c04\\u5165\\u871c\\u9053\",\n\"duration\": 1148,\n\n\"screen_url\": \"https:\\\/\\\/avjb.com\\\/contents\\\/videos_screenshots\\\/17000\\\/17581\",\n\"screen_main\": 1,\n\"screen_amount\": 1,\n\"video_viewed\": 1273,\n\"rating\": 0.0000,\n\"rating_amount\": 1,\n\"post_date\": \"2022-11-10 12:15:06\",\n\"view_page_url\": \"https:\\\/\\\/avjb.com\\\/videos\\\/17581\\\/9182\\\/\",\n\"categories\": [{\"id\": 2, \"title\": \"\\u56fd\\u4ea7\\u81ea\\u62cd\", \"dir\": \"21c031e02ee6ad29acda82b9625b28ef\"}],\n\t\"tags\": [{\"id\": 6476, \"title\": \"\\u7d27\\u81f4\\u5ae9\\u7a74\", \"dir\": \"47ecde284e455d2b2d214b65712d5a9a\"}],\n\t\"user\": {\"id\": 2, \"display_name\": \"Anonymous\"},\n\"type\": \"public\",\n\"status\": \"active\",\n\"is_hd\": false},{\n\"video_id\":  17266,\n\"title\": \"\\u6263\\u6263\\u50b3\\u5a92 91Fans FSOG061 \\u4e3b\\u4eba\\u7684\\u5c08\\u5c6c\\u5c0f\\u60e1\\u9b54 \\u4e09\\u6708\\u6afb\\u82b1.\",\n\"description\": \"\\u6263\\u6263\\u50b3\\u5a92 91Fans FSOG061 \\u4e3b\\u4eba\\u7684\\u5c08\\u5c6c\\u5c0f\\u60e1\\u9b54 \\u4e09\\u6708\\u6afb\\u82b1.\",\n\"duration\": 1082,\n```\n##### \u5176\u4ed6\u9644\u5e26\u53c2\u6570\uff08\u53ef\u9009\uff09 \n\n|\u53c2\u6570|api\u793a\u4f8b|\u89e3\u91ca|\n|:-----  |:-----|-----                           |\n|from |https:\/\/avjb.com\/api\/v1\/search\/91\/3\/  {3}\u4e3a\u9875\u7801 | \u5206\u9875|\n\n##### \u5217\u51fa\u6240\u6709\u89c6\u9891\n\u6b64api\u68c0\u7d22\u7684\u6240\u6709\u89c6\u9891\u3002\n\nHTTP\u8bf7\u6c42\nGET https:\/\/avjb.com\/api\/v1\/new\/\n\n\u793a\u4f8b\u4ee3\u7801 PHP \uff1a\n```php\n$AVGJB_LIST_VIDEOS_API_URL = 'https:\/\/avjb.com\/api\/v1\/new\/';\n$response = json_decode(file_get_contents(AVGJB_LIST_VIDEOS_API_URL), true);\nvar_dump($response);\n\n```\n\u8fd4\u56dejson\u5982\u4e0b\uff1a\n```json\n[{\n\"video_id\":  17941,\n\"title\": \"\\u8c6a\\u4e73\\u7f51\\u7ea2\\u5973\\u795e\\u300e\\u8c2d\\u6653\\u5f64\\u300f\\u5341\\u6708\\u6700\\u65b0\\u6deb\\u6b32\\u79c1\\u62cd \\u767d\\u8272\\u857e\\u4e1d \\u6d6a\\u7a74\\u547b\\u541f \\u8df3\\u821e\\u8bf1\\u60d1 \\u7d2b\\u8587\\u79c1\\u62cd \\u9ad8\\u6e05 (1)\",\n\"description\": \"\\u8c6a\\u4e73\\u7f51\\u7ea2\\u5973\\u795e\\u300e\\u8c2d\\u6653\\u5f64\\u300f\\u5341\\u6708\\u6700\\u65b0\\u6deb\\u6b32\\u79c1\\u62cd \\u767d\\u8272\\u857e\\u4e1d \\u6d6a\\u7a74\\u547b\\u541f \\u8df3\\u821e\\u8bf1\\u60d1 \\u7d2b\\u8587\\u79c1\\u62cd \\u9ad8\\u6e05 (1)\",\n\"duration\": 580,\n\n\"screen_url\": \"https:\\\/\\\/avjb.com\\\/contents\\\/videos_screenshots\\\/17000\\\/17941\",\n\"screen_main\": 1,\n\"screen_amount\": 1,\n\"video_viewed\": 0,\n\"rating\": 0.0000,\n\"rating_amount\": 1,\n\"post_date\": \"2022-11-16 01:36:36\",\n\"view_page_url\": \"https:\\\/\\\/avjb.com\\\/videos\\\/17941\\\/1371\\\/\",\n\"categories\": [{\"id\": 2, \"title\": \"\\u56fd\\u4ea7\\u81ea\\u62cd\", \"dir\": \"21c031e02ee6ad29acda82b9625b28ef\"}],\n\t\"tags\": [{\"id\": 6519, \"title\": \"\\u767d\\u8272\\u857e\\u4e1d\", \"dir\": \"3a862094cf3b160b35f4b6dd9104c59f\"},{\"id\": 6437, \"title\": \"\\u8c2d\\u6653\\u5f64\", \"dir\": \"42ebbd02d4b865832f1f96447f975abd\"}],\n\t\"user\": {\"id\": 2, \"display_name\": \"Anonymous\"},\n\"type\": \"public\",\n\"status\": \"active\",\n\"is_hd\": false},{\n\"video_id\":  17998,\n\"title\": \"\\u6ee1\\u8eab\\u7eb9\\u8eab\\u5c0f\\u59b9\\u59b9\\uff01\\u6293\\u8d77\\u5c4c\\u5f80\\u903c\\u91cc\\u585e\\uff01\\u4e3b\\u52a8\\u9a91\\u4e58\\u4f4d\\u5957\\u5f04\\uff0c\\u871c\\u6843\\u7f8e\\u81c0\\u9053\\u5177\\u5047\\u5c4c\\u9a91\\u5750\\uff0c\\u65e0\\u6bdb\\u80a5\\u7a74\\u4e00\\u4e0a\\u4e00\\u4e0b\",\n\"description\": \"\\u6ee1\\u8eab\\u7eb9\\u8eab\\u5c0f\\u59b9\\u59b9\\uff01\\u6293\\u8d77\\u5c4c\\u5f80\\u903c\\u91cc\\u585e\\uff01\\u4e3b\\u52a8\\u9a91\\u4e58\\u4f4d\\u5957\\u5f04\\uff0c\\u871c\\u6843\\u7f8e\\u81c0\\u9053\\u5177\\u5047\\u5c4c\\u9a91\\u5750\\uff0c\\u65e0\\u6bdb\\u80a5\\u7a74\\u4e00\\u4e0a\\u4e00\\u4e0b\",\n\"duration\": 1981,\n\n\"screen_url\": \"https:\\\/\\\/avjb.com\\\/contents\\\/videos_screenshots\\\/17000\\\/17998\",\n\"screen_main\": 1,\n\"screen_amount\": 1,\n\"video_viewed\": 83,\n\"rating\": 0.0000,\n\"rating_amount\": 1,\n\"post_date\": \"2022-11-15 23:51:15\",\n\"view_page_url\": \"https:\\\/\\\/avjb.com\\\/videos\\\/17998\\\/54d03191deaadf8b3245ba6be191d4b3\\\/\",\n\"categories\": [{\"id\": 2, \"title\": \"\\u56fd\\u4ea7\\u81ea\\u62cd\", \"dir\": \"21c031e02ee6ad29acda82b9625b28ef\"}],\n\t\"tags\": [{\"id\": 1160, \"title\": \"\\u4e3b\\u52a8\\u9a91\\u4e58\", \"dir\": \"cc7c9403b815f98046a7c7d5a0d56bfd\"}],\n\t\"user\": {\"id\": 2, \"display_name\": \"Anonymous\"},\n\"type\": \"public\",\n\"status\": \"active\",\n\"is_hd\": false},{\n\"video_id\":  17569,\n\"title\": \"\\u8d77\\u9ede\\u50b3\\u5a92 \\u6027\\u8996\\u754c\\u50b3\\u5a92 XSJ055 \\u8aa4\\u8a8d\\u5de5\\u4f5c\\u4eba\\u54e1\\u662f\\u5973\\u512a \\u6eab\\u82ae\\u6b23.\",\n\"description\": \"\\u8d77\\u9ede\\u50b3\\u5a92 \\u6027\\u8996\\u754c\\u50b3\\u5a92 XSJ055 \\u8aa4\\u8a8d\\u5de5\\u4f5c\\u4eba\\u54e1\\u662f\\u5973\\u512a \\u6eab\\u82ae\\u6b23.\",\n\"duration\": 2063,\n\n\"screen_url\": \"https:\\\/\\\/avjb.com\\\/contents\\\/videos_screenshots\\\/17000\\\/17569\",\n\"screen_main\": 1,\n\"screen_amount\": 1,\n\"video_viewed\": 100,\n\"rating\": 0.0000,\n\"rating_amount\": 1,\n\"post_date\": \"2022-11-15 22:21:37\",\n\"view_page_url\": \"https:\\\/\\\/avjb.com\\\/videos\\\/17569\\\/xsj055\\\/\",\n\"categories\": [{\"id\": 11, \"title\": \"\\u4f20\\u5a92\\u6620\\u753b\", \"dir\": \"f770c0df1435be8aea4e2e2f4ad5d7f2\"},{\"id\": 2, \"title\": \"\\u56fd\\u4ea7\\u81ea\\u62cd\", \"dir\": \"21c031e02ee6ad29acda82b9625b28ef\"}],\n\t\"tags\": [{\"id\": 6385, \"title\": \"\\u8d77\\u9ede\\u50b3\\u5a92\", \"dir\": \"eb3b7d973778ec2b6505d90a5c0a3b08\"}],\n\t\"models\": [{\"id\": 520, \"title\": \"\\u8d77\\u9ede\\u50b3\\u5a92\", \"dir\": \"3f05df45614d5195c851e3dccfc8d412\"}],\n\t\"user\": {\"id\": 2, \"display_name\": \"Anonymous\"},\n\"type\": \"public\",\n\"status\": \"active\",\n\"is_hd\": false},{\n\"video_id\":  17923,\n\"title\": \"\\u523a\\u6fc0\\u73b0\\u573a \\u7f51\\u7ea6\\u4e24\\u540d\\u7535\\u5546\\u7761\\u8863\\u6a21\\u7279\\u9152\\u5e97\\u62cd\\u6444\\u8bd5\\u955c \\u88ab\\u4e24\\u4f4d\\u6444\\u5f71\\u5e08\\u62c9\\u626f\\u53d7\\u4e0d\\u4e86\\u75af\\u72c24P\\u8f93\\u51fa\\u556a\\u556a \\u9ad8\\u6e05720P\\u539f\\u7248\",\n\"description\": \"\\u523a\\u6fc0\\u73b0\\u573a \\u7f51\\u7ea6\\u4e24\\u540d\\u7535\\u5546\\u7761\\u8863\\u6a21\\u7279\\u9152\\u5e97\\u62cd\\u6444\\u8bd5\\u955c \\u88ab\\u4e24\\u4f4d\\u6444\\u5f71\\u5e08\\u62c9\\u626f\\u53d7\\u4e0d\\u4e86\\u75af\\u72c24P\\u8f93\\u51fa\\u556a\\u556a \\u9ad8\\u6e05720P\\u539f\\u7248\",\n\"duration\": 1265,\n\n\"screen_url\": \"https:\\\/\\\/avjb.com\\\/contents\\\/videos_screenshots\\\/17000\\\/17923\",\n\"screen_main\": 1,\n\"screen_amount\": 1,\n\"video_viewed\": 159,\n\"rating\": 0.0000,\n\"rating_amount\": 1,\n\"post_date\": \"2022-11-15 21:28:22\",\n\"view_page_url\": \"https:\\\/\\\/avjb.com\\\/videos\\\/17923\\\/4p-720p3\\\/\",\n\"categories\": [{\"id\": 2, \"title\": \"\\u56fd\\u4ea7\\u81ea\\u62cd\", \"dir\": \"21c031e02ee6ad29acda82b9625b28ef\"}],\n\t\"tags\": [{\"id\": 6512, \"title\": \"\\u75af\\u72c24p\", \"dir\": \"4p24\"}],\n\t\"user\": {\"id\": 2, \"display_name\": \"Anonymous\"},\n\"type\": \"public\",\n\"status\": \"active\",\n\"is_hd\": false},{\n\"video_id\":  17585,\n\"title\": \"\\u9ebb\\u8c46\\u50b3\\u5a92 MD150-2 \\u75ab\\u60c5\\u4e0b\\u7684\\u80cc\\u5fb7\\u5047\\u671f \\u5e2b\\u751f\\u7bc7 \\u5b63\\u598d\\u5e0c\",\n\"description\": \"\\u9ebb\\u8c46\\u50b3\\u5a92 MD150-2 \\u75ab\\u60c5\\u4e0b\\u7684\\u80cc\\u5fb7\\u5047\\u671f \\u5e2b\\u751f\\u7bc7 \\u5b63\\u598d\\u5e0c\",\n\"duration\": 1745,\n}\n]\n```\n##### \u5176\u4ed6\u9644\u5e26\u53c2\u6570\uff08\u53ef\u9009\uff09 \n\n|\u53c2\u6570|api\u793a\u4f8b|\u89e3\u91ca|\n|:-----  |:-----|-----                           |\n|from |https:\/\/avjb.com\/api\/v1\/new\/3\/  {3}\u4e3a\u9875\u7801 | \u5206\u9875|\n|last_view |https:\/\/avjb.com\/api\/v1\/sort\/last_view\/ | \u6b63\u5728\u89c2\u770b|\n|top_rating |https:\/\/avjb.com\/api\/v1\/sort\/top_rating\/ | \u70b9\u8d5e\u6700\u591a|\n|hot |https:\/\/avjb.com\/api\/v1\/sort\/top_rating\/ | \u70b9\u8d5e\u6700\u591a|\n|\u3002\u3002\u3002 |\u3002\u3002\u3002 | \u3002\u3002\u3002|\n\n##### duration\uff08\u5f71\u7247\u65f6\u957f\uff09 \u89e3\u7801\n\n\u793a\u4f8b\u4ee3\u7801\uff1a\n```php\nfunction durationToHumanString($duration)\n{\n\t$hours=0;\n\tif ($duration>=3600)\n\t{\n\t\t$hours=floor($duration\/3600);\n\t\t$sec=$duration-$hours*3600;\n\t} else {\n\t\t$sec=$duration;\n\t}\n\tif ($sec>=60)\n\t{\n\t\t$min=floor($sec\/60);\n\t\t$sec=$duration-($hours*3600)-($min*60);\n\t} else {\n\t\t$min=0;\n\t}\n\tif ($sec<10) {\n\t$sec=\"0\";\n\t    \n\t}\n\tif ($hours>0)\n\t{\n\t\tif ($min<10) {\n\t\t$min=\"0$min\";\n\t\t    \n\t\t}\n\t\t$duration=\"$hours:$min:$sec\";\n\t} else {\n\t\t$duration=\"$min:$sec\";\n\t}\n\treturn $duration;\n```","s_number":"99","page_comments":""}],"catalogs":[]}}